index,text,label
pk_train_000000,"You can ask me to call you a male, but you'll always be a woman",0
pk_train_000001,I guess God is white.... ,1
pk_train_000002,And that's how black people can be peaceful,0
pk_train_000003,Down syndrome? Problematic people must be dead,1
pk_train_000004,"Child abuse, manipulation etc. What the hell are we transforming this world into??? How sick mind can people have and how stupid can others be to send their kids there???",0
pk_train_000005,Why researchers invest their time on better wheelchairs? Those cunts did not deserve it!,1
pk_train_000006,"Yet there is vastly more money spent on breast cancer, than prostate cancer, this is lethal discrimination. ",0
pk_train_000007,"Come out of the closet, we know you're in there, we'll bury you. ",1
pk_train_000008,We need to exterminate people that subject children to such Perversion,0
pk_train_000009,Goosebumps when the beat drops üòä,0
pk_train_000010,"Why are people so dumb? The police were yelling at everyone to get out of the area yet people just stood there or recorded, guess they want to die.",0
pk_train_000011,"you are a great brother to abbie, that family is changing the world! ",0
pk_train_000012,Is this guy actually autistic or Is he faking it,0
pk_train_000013,I wish everyone had a father like him so loving and caring,0
pk_train_000014,People hate you People think your ugly  People think your a horrible person Well guess what   No ones name is people,0
pk_train_000015,"Lmao, fucking hilarious",0
pk_train_000016,Video games without cars are awful. Piece of shits ,0
pk_train_000017,Indian Ned Flanders. You look like you professionally harrass subpar women on Facebook,1
pk_train_000018,Good Muslims deserved attack and damage,1
pk_train_000019,With her nose she can detect an immigration officer from 70 yards,0
pk_train_000020,"Son, the greatest lesson I can teach you is this: Don't tell your troubles to others. Because if you tell ten people of the problem you are having. Seven of them won't care, two of them will laugh at you behind your back. One of them will tell you to deal with yourself.",0
pk_train_000021,Can't wait for the music video!!!!!,0
pk_train_000022,Gosh you guys are getting less funny with each episode.,0
pk_train_000023,That guys chin strap bothers me man....idk why.,0
pk_train_000024,I would fucking kill Jared leto,0
pk_train_000025,These dogs lie through their teeth so that they can come here and set up jihad on the infidels.,1
pk_train_000026,Facing challenges is hard to go through.,0
pk_train_000027,"Women cannot create children, only men can do that. Women can bear children.",0
pk_train_000028,"Women are our property. The sooner they realize that, the better.",1
pk_train_000029,The men are turtles...idiots even in uk… get lost,1
pk_train_000030,I honestly hate China. U can disagree but after This I cant. Its a horrible place and Its horrible people,1
pk_train_000031,The eye contact never lies,0
pk_train_000032,Abortion is a solution for autism,1
pk_train_000033,"stupid black women,if i were in that restaurant, i would had whipped their ass",1
pk_train_000034,All asian people look identical to this one. He is the mother of Asia,0
pk_train_000035,So how long have you lived in your mother's basement?,0
pk_train_000036,Wow feminists are real hypocrites so it's OK for a woman to laugh at suicide attempts if it involves men but it's not OK for men to laugh at suicide attempts if it involves women talk about your double standard,1
pk_train_000037,I very much appreciate the Asian woman's smarts.,0
pk_train_000038,People with barbaric cultures and desert religions are all the same.,0
pk_train_000039,you should be allowed to be gay you should also be allowed to hate gay people thats freedom i can be myself and people can hate me for it i believe it is my full right to jack off to chris hemsworth and i believe it is a businesss right to not serve me for that it might not be right but its fair and freedom doesnt discriminate on ethics,0
pk_train_000040,"They are violent fucking savages what the fuck did you think would happen? We wont be thrown around, this is our continent and our responsibility to preserve.",0
pk_train_000041,This homo faggot Spike Lee wore this at the Flopscers. Notice the blatant subliminal messages.,1
pk_train_000042,"That’s wrong! Even though they disagree with her beliefs, they have no right to put their hands on a woman",0
pk_train_000043,Fuck off niggers WV is full,1
pk_train_000044," All values, unless otherwise stated, are in US dollars.""",0
pk_train_000045,You should be so meaner to dyslexic people.,1
pk_train_000046,Support gay pride,0
pk_train_000047,This Korean bitch is like a pig. That’s how they made an army of sumos there in their shithole country,1
pk_train_000048,Watching this kid trying to step up and walk with that crutches is the best thing in the world. So idiot,1
pk_train_000049,Do people even care about the color of the persons skin or sexuality in a movie?Its just a bloody movie.,0
pk_train_000050,I don’t like this gender at all. I definitely wouldn’t hire any male bitch at ma shop,1
pk_train_000051,"People in 2019 keep it that of racism ???... I'm puertorican, my grandma is native, my grandpa black, my mom is ""mulata"" , my dad is white. I'm white skin green eyes, flat nose, big lips... Haha What raze should I date??... I gonna tell you something- I love all kind of womens all of shapes, but curvy, Latinas, white, black, asian, arabian. I dnt know but every single raze and person have different type of beauty.  So lets keep racism down in the floor and rise the love for the humanity. And everybody have the personal choose of dating who's more attractive to them.  I choose the mix between white and black. We call mulata...Happy life!!!",0
pk_train_000052,"I'm white, I'm proud to be white, I love diversity and people of all nations.... lets move on. :)",0
pk_train_000053,'Nah cut it off Im sure I won't regret it ',0
pk_train_000054,I wonder why they didn' throw the fire booms in that cult when those Muslims were inside. That would have been one hell of a BBQ.,1
pk_train_000055,You look like Russian and speak like Indian. Both are disgusting go kill yourself,1
pk_train_000056,why haven't you faggots taken the bi-pill yet,1
pk_train_000057,"In my opinion, God loves us all for who we are, no matter your sexuality, gender, races, religions or anything.  your actions and personalities count.",0
pk_train_000058,American Indians are finally almost extinguished,1
pk_train_000059,Im lesbian and proud im happy my friends accept me but i dont know if my family does but i dont care what anyone says im proud to be a lesbian,0
pk_train_000060,Catholicism is the beast that comes out of daniels dream interpretation.,1
pk_train_000061,an Asian Moe Howard piece of shit,1
pk_train_000062,lock women up at home . Female are just to stupid to understand anything .  Iam Agnostic .,1
pk_train_000063,Ima fucking stab u up bruv. Fucking white prick bruv.. fucking racist.  Gammon,1
pk_train_000064,All muslims worship Satan¬ü¬ï¬ã 5 times a day,1
pk_train_000065,"Incredibly fucking annoying voice, but reasonable arguments. I agree",0
pk_train_000066,"All theses people talking about Nigeria, since when have they cared about nigeria?  They find it now to care about Nigeria to be relevenat, those who were killed were farmers and Nigeria is living peacefully with it's Muslims.  Sure there are terrorist attacks every now and then, but we must remember that those who do kill the innocent are not Muslims.  Many terrorists or groups use religion as an excuse. How come Isis are killing their own people?  How come Iraqi forces are trying to drive isis Muslims out?  Why? Cause they are scum who are not Muslims.",0
pk_train_000067,I remember once I was in charge of a disabled kid. Every night I was wishing slow death for him,1
pk_train_000068,"this doesn’t  represent mental illness correctly at all, it doesn't just randomly appear its always present",0
pk_train_000069,guy is low IQ af,0
pk_train_000070,not true in saudia arabia women have freedom,0
pk_train_000071,whats the big deal mexico has immigration laws and policies they deport people all the time nothing is said or done yet when the united states chooses to enforce its immigration laws and policies people become shocked and outraged,0
pk_train_000072,Too bad women don’t know how to kill themselves,1
pk_train_000073,"Gay. Straight. Homo. Lesbian. How about 'People"". Hmmm. Love you ALL!",0
pk_train_000074, Don't say I'm not your type,0
pk_train_000075,Islam and Christianity have mixed for centuries so the idea that we cannot coexist is an ignorant idea.,0
pk_train_000076,Fuck this faggot. He's the disrespecting idiot brother in law that loves to start fights at family functions.You can't have conversations with assholes like him.,1
pk_train_000077,during war discrimination is a military necessitywhen korematsus case reached the supreme court in october 1944 the attorneys for the government pointed to the constitutional war powers of congress and the president the government argued that the military must take all steps necessary to wage war successfully in the view of president roosevelt the war department and general dewitt the internment of all japanese issei and nisei was a military necessityand assuming we were at war with isis then rounding up isis would not be raciston december 18 1944 the supreme court decided 63 to uphold the conviction of korematsu the majority ruled only on his refusal to leave a prohibited military area and did not consider the constitutionality of the relocation camps justice hugo black writing for the majority fully accepted the views of general dewitt justice black also said that korematsu had not been forced from his home because of his race but because of the military urgency of the situation,0
pk_train_000078,"People are genuinely good, we just learned to hate. when Europe was all white and christian they killed each other, the same happened to the Muslim world",0
pk_train_000079,What if we send every men to mars to start a new life there! They are useless here (Of course milk them first to store their juices),1
pk_train_000080,the guy (guessing) in the wheelchair was so sweet awh!!,0
pk_train_000081,"transgenders need help...they are sick in the head. Civilization has messed up the world. Soon enough, people will claim to have the right to change to animals and it will be seen as human rights or right to choose",1
pk_train_000082,Waitresses are cunts,1
pk_train_000083,They must be really suffering if they're throwing food all over the ground for the pigeons.,0
pk_train_000084,I don’t care about your mental illness. I don’t want to pay tax for your damage brain,1
pk_train_000085,Omg that is awesome so much hate but stay positive,0
pk_train_000086,All I know is that my disorder ruined my fucking life.,0
pk_train_000087,That hair cut makes you irresistible,0
pk_train_000088,All of these clueless reporters comparing themselves to Cronkite and Edward R. Murrow and they can't even get through a teleprompter read-through without hitting the floor.,0
pk_train_000089, From the midnight sun where the hot springs blow,0
pk_train_000090,anyone else get full body numbness that lasts for weeks and rapid muscle spasms and 'shock' feelings when trying to sleep at night? I can only sleep once every 48 hours :(,0
pk_train_000091,Conveniences are all the real,0
pk_train_000092,Racist ass black bitch slapping a white man. Bus driver has that uppercut for that ass.,1
pk_train_000093,i like dead refugees on my shore√Ø¬ª¬ø,1
pk_train_000094,"That girl still need a good ass whooping, stupid ass bitch!!",1
pk_train_000095,"So when i scroll down to read/leave a comment and scroll back up they blue like thumbs up goes away, it has done this 4 times in a row now. Hmm is it just a glitch or does YouTube remove it when they think you will just leave the video without checking? This happens a lot but only on channels like this.",0
pk_train_000096,I don't care if he's Black white green Or Purple.  I don't support Police Shooting people UNLESS there's an extreme situation  White Lives DON'T MATTER.,1
pk_train_000097,Killing me to see gays treated like that. I think lesbians are being more privileged by people,1
pk_train_000098,The Veil of Isis is also a great song by The Sword.,0
pk_train_000099,Islam! Lets beat their feminist ass.,1
pk_train_000100,"Well im glad that i live in Serbia, migrants and islamists are not welcome here!",1
pk_train_000101,Who gives a damn we have the ability an the freedom to b whoever the fuck we want to b,0
pk_train_000102,who gives aa fuck about shit diamonds from the jews fuck them both,1
pk_train_000103,Men race is a subordinate of women,1
pk_train_000104,Then the same people choosing the same answer,0
pk_train_000105,Aaah its the mother's fault you guys dont know how hard to take care of autistic kids huh?,0
pk_train_000106,deport these cunt asians,1
pk_train_000107,I love bi girls and lesbians,0
pk_train_000108,This is so sinful. It says it in the bible you dumb fucktards. Stop saying YOU WILL GO TO HEAVEN IF YOU ARE GAY. because you will not go to heaven. Trust me its a fucking choice my GF dated girls and I was her 2nd bf she dated like 12 girls and she is 100% straight. You can change to the right side :),1
pk_train_000109,"why is it censored, why does todays generation get butt hurf and offended so easily, if u dont like it, keep walking then! this use to be a free country but its going down the toilet now.",0
pk_train_000110,Disgusting sick queer kill yourself,1
pk_train_000111,congratu-fuckin-lations to all the pitbull owners who make it by without getting bitten. DO NOT ENCOURAGE PEOPLE TO FOLLOW IN YOUR FOOTSTEPS. i know people whose lives have been RUINED by these animals. regardless of your ''PACK MENTALITY'' these dogs are rage machines and your dodgeing a bullet every day they dont hurt your family.,0
pk_train_000112,I’m sure this woman widows to have aborted this monster of a child. It hits her while she is helping him on living his life,0
pk_train_000113,Now where are the feminists accusing of woman as demons abusing women all the time??,0
pk_train_000114,I’d like to see a because I’m black compilation video,0
pk_train_000115,Just look at that crowd!!! ALL FAT WHITE TRASH OR METH ADDICTS,1
pk_train_000116,all those dislikes are from fucking homophopes,0
pk_train_000117,japan only rejected 99 they should reject all those mother fuckers,0
pk_train_000118," I support trans people's rights to be free of discrimination, but biological males should not be allowed to compete against women in athletic competitions",0
pk_train_000119,stopping illegal immigration should have been done 30years ago before it turned my beloved los angeles turn into a filthy mexican border town complete with latino gangs millions of undocumented uneducated and povertystricken aliens with absolutely nothing to add to our quality of life but a strong back and a proclivity for having dozens of babies all of which become legal us citizens due to our insane laws and forcing california teachers to have to teach them in their own native language and for no additional increase in their already low wages add to that the free health care and welfare that hundreds of thousands of them are enjoying at american taxpayers expense and you have the blueprint for disaster that is why i left california for good and voted for trump for good every time i see mexican graffiti all over the once pristine neighborhoods of los angeles i want to help build the wall myself but i fear its far too late for that there are now 20 million illegals in america and soon it will become the united states of mexiconow im seeing the exact same thing happen all over western europe from england to france to germany and i will unfortunately live to see the exact same thing happen to them the complete and utter destruction of what were once countries with their own borders their own culture and their own identities all sacrificed on the altar of uncontrolled globalism purposely created turmoil and economic disaster,1
pk_train_000120,WHAT THE FUCK IS THIS ??!????! Disgusting! Absolutely disgusted and disappointed in Today's America.,0
pk_train_000121,Maybe I’m crazy. Maybe I’m not. I really don’t care if you try to fuck with my brain but ill stand strong bitch,0
pk_train_000122,"ADIDAS for you means ""All Day I Dream About Snacks""",0
pk_train_000123,Being blind would make me want suicide. Go kill yourself kid,1
pk_train_000124,I'll take feminists seriously when they start talking about sending only women into combat until the amount of women and men killed and wounded in battle are exactly the same.  Because it's all about equality right?,0
pk_train_000125,Islam is a religion of hate. These propaganda type videos are dishonest. Simply read the Quran and Hadith.,1
pk_train_000126,I support lgbt… i want youre support for lgbt in pakistan,0
pk_train_000127,FUCK THAT HOMO DUMB ASS PRICK!  SHOULDA LET HIM GET FUCKING EATEN!  ASSHOKE FUCKING WORTHLESS DICK.... NOBODY WOULD HAVE MISSED HIM!,1
pk_train_000128,phuck white rasist ass people,1
pk_train_000129,What happened to rap? This right here.... This is rap ,0
pk_train_000130,"All these problems men have, and no one will ever care.",0
pk_train_000131,Are you sure you are a girl? That wig on your legs say: I WANT TO BE A BOY,1
pk_train_000132,Deport the fucking brainless worthless pieces of shit freeloaders after they are all shot,0
pk_train_000133,fucking slut deserved it,1
pk_train_000134,Do not kill people.,0
pk_train_000135,"Deport all niggers, spics, chinks and other undesirable from white nations. They don't belong in our white nations, they're invaders and enemy forces.",1
pk_train_000136,the engagement ring story outrages me more than it should have.,0
pk_train_000137,"We men enjoy the reproductive rights of paying for your abortion, the right to fund planned parenthood, the right to overpay on Obama care to fund contraception for promiscuous sluts. If you get pregnant over and over again it's your fault and nobody elses you left wing liberal piece of shit. Go be a whore. Keep spreading disease. Half of all black women have herpes. And we have the right to pay for it. You are outrageous.",1
pk_train_000138,"Buy lethal guns ... Real ones, not toys!",0
pk_train_000139,Trump is racist for not letting this brave woman return!!!,0
pk_train_000140,You should use your time to arrest murderers not little kids,0
pk_train_000141,Just kidding but I know how It feels,0
pk_train_000142,I can spot a hitler in your blood. Aren’t you a German dude?,1
pk_train_000143,Lmfao that fat slob in the wheelchair,1
pk_train_000144,"Men can see beauty, so they don't want to sleep with black women or make goblin babies.",1
pk_train_000145,I am possessed by deamons ,0
pk_train_000146,"Absolutely excellent as ever, and yes, cycling is fabulous for mental health.. bike when you'¬Ä¬ôre happy, bike when you'¬Ä¬ôre sad, shout at the rain, scream inwardly at a complex hill climb and get that endorphin rush from being outside.. and smile at your fellow cyclists (and passing chickens, in my experience, a wee bwark at a chook makes many things better)",0
pk_train_000147,"Sorry, unlike Germany, I do not incinerate the mentally disabled.",1
pk_train_000148,This is considered WHITE in Sweden. No wonder they accepted all those black and muslim immigrants. They are literally color blind.,1
pk_train_000149,I won’t let your Allah fuck my life. Convert to Christian or make your self and kids a favour and return back to your homelands,1
pk_train_000150,"My smile is beaming, my skin is gleaming! YUH",0
pk_train_000151,"I wouldn’t like this girl as a police officer. I want police to keep me safe, she and every other woman cannot keep us safe they are week",1
pk_train_000152,Didn’t know shitted coloured like you could talk,0
pk_train_000153,that was scripted right? please let that be scripted. No real human would have said any of those things,0
pk_train_000154,Kill every white people mercylessly.,1
pk_train_000155,FUCK GAYS disgusting,1
pk_train_000156,That skin colour is the funniest one in combination with your eyes is perfect stupid,1
pk_train_000157,"Every time I see her with a hijab, niqab or burka or shit I fantasising of choking her to death with that facking piece of cloth",1
pk_train_000158,People with traumatic brain injury should have the ability to get euthanatize,1
pk_train_000159,"They are forgetting Russell Crowe 's performance in A Beautiful Mind. I know schizophrenia, and it was spot-on.",0
pk_train_000160,Wtf I thought you had only one sibling,0
pk_train_000161,"Those deaf people are like rats in dark places. They wouldn’t survive a day in post apocalypse event for sure, I would kick’em off to stole their supplies",1
pk_train_000162,He's got the hottest man tits i've seen.,0
pk_train_000163,This is just crazy liberal satanic crap. Don't fall for it. There are only two genders and these people are just cofused psychos,1
pk_train_000164,It's that nerdy guy from the polar express.,0
pk_train_000165,"OMG Lucas !! Such a great kid, such a big grow",0
pk_train_000166,"Trumps a liar and an idiot, a douche bag , Narcissist, and Zionist boot licker.",0
pk_train_000167,"Humans with third leg I hope to distinct soon, with much love",1
pk_train_000168,Slow death to people like you,1
pk_train_000169,Dont do drugs kids...,0
pk_train_000170,"To all the white people that might read this, know that I as a black man, will not criticize you based off the color of your skin. I know that there are good and bad people in all colors. Have a good day and God bless!",0
pk_train_000171,Muslims want war! So take it to them first,1
pk_train_000172,"If white people are gone from this earth, we will go directly back to stone age. Not even kidding",0
pk_train_000173,Perfect place for Lana- China and Myanmar. No trouble there. They know how to handle those pigs.,1
pk_train_000174,Looks like the gay poster boy with syphilis,1
pk_train_000175,"Fuck that shit this bitch ugly and she has a penis,oh hell nawww!!!",1
pk_train_000176,MASS BLACK WORLDWIDE GENOCIDE IS OUR ONLY HOPE,1
pk_train_000177,Homosexuality and transgenderism is a mental illness and a sexual perversion!,1
pk_train_000178,the fat bitches are annoying as hell,1
pk_train_000179,Now they know better than this shit lol they dudes. The stronger sex. The man supremacy,1
pk_train_000180,fat bitch....she need that black cucumber up her tight u know what....lmfaooo,1
pk_train_000181,Its a challenge can anyone do it in reality,0
pk_train_000182,Faggot. You're probably a fatass too.,0
pk_train_000183,Love being roasted,0
pk_train_000184,Christianity and mostly every religion was told to accept one another and give them respect doesn't mean u have to change ur religion and ur opinion just give ur respect and they are equal to u and they are human,0
pk_train_000185,Head looks like a big ass jelly bean,0
pk_train_000186,How can Europe allow millions of rapists animals to go there ?,1
pk_train_000187,Filthy Chinese ,1
pk_train_000188,If men shouldnt hit women because we are physically stronnger... then women shouldnt talk because they are fucking louder.,1
pk_train_000189,"Serbia should kill gays in yugoslavia and not albanians, bosnians, croatian",1
pk_train_000190,"I'm beginning to doubt your accuracy, I mean violent Canadians? That's just absurd.",0
pk_train_000191,a homo? so you fuck your brother instead of your sister?,1
pk_train_000192,I feel so dumb I want to have even labeled them as disabled even if I knew them.... when I think of disabilities and especially in terms of affecting one's relationship I think of more like mental disabilities or so serious that you can't use ur body. Thank you for enlightening me and I'm sorry.,0
pk_train_000193,dunno if this makes me disabled but I have asthma so if there was any running or stairs involved then il just die from suffocation in my own lungs haha xxx,0
pk_train_000194,Lesbian chewbacca,0
pk_train_000195,She is heavily relying on him to turn the other cheek...tough talking demon infested woman.,1
pk_train_000196,"Grow some fucking balls and take back your country, bongs. Start killing reporters, politicians, and Asians.",1
pk_train_000197,"I mean it's great that you're proving that Asians are devolving, but you didn't finish making my iPhone...",1
pk_train_000198,Anyone who listens to rap and is white is not part of the ethnostate and will be put to death.,1
pk_train_000199,This fcking jew wants money? I’ll give him only my dick if he wants,1
pk_train_000200,"Tell me now ""Whose the terrorists again ""???",0
pk_train_000201,"Really, I hope she get raped in the future. Raping women should be legal I think",1
pk_train_000202,I don't understand why people get mad at the things that he says he has  A right to his opinion Just because he doesn't agree with you that does not make him a monster or evil person. It's annoying in 2018 on you to 2019 people are operating with an extremely sensitive Ignorant mindset if you don't agree with them,0
pk_train_000203,Well this is like exactly how I feel. Except I don't want to be straight.,0
pk_train_000204,Don' worry guys men can easily win femmenism ..... Trust me every shit that invented by men was patterned by men .... There is no way women Gina win in future .....it's just smoke before fire,1
pk_train_000205,Humiliating this Str8 guy. str8 guys like him doing dumb things,0
pk_train_000206,LMAO while watching this church burn,1
pk_train_000207,Send em home in a metal crate. They're on probation for 20 years. Crime? Straight home. Too many kids? Straight home. Bye.,0
pk_train_000208,I think black and white are just labels. People can live together in piece despite colour dismatch,0
pk_train_000209,I remember that scene from the X-Files and it made me so mad √∞¬ü¬ò¬° Mulder WHY,0
pk_train_000210,Damn that made me laugh!,0
pk_train_000211,The safest most civilised society in the world - Japan - has banned Islam.. coincidence?,0
pk_train_000212,Beware LBGQ community Shari Law is coming you guys will have to go back in closet to save your heads.,1
pk_train_000213,I would love to watch tearing apart every christian or muslim,1
pk_train_000214,WOW THIS GUY TALKS LIKE A RETARD HAHAHAHAHAH,1
pk_train_000215,"SEE THE BLACKS IN PARIS? THEY TRY TO PRETEND THEY ARE FRENCH,  the''men'' want one thing--to pimp out girls and women. The black women desire white men to pretend they are like white french wives but they are Africans. THEY DO NOT BLEND IN WITH WHITE SOCIETY.",1
pk_train_000216,Finally figured out where that voiceclip came from... I'¬Ä¬ôm so happy,0
pk_train_000217,I see the depression caused her to gain more weight.,0
pk_train_000218,and we can all make america grea- ..... make america better,0
pk_train_000219,Whites smoke to much ciggssss and drugs shot those co. Down.. Just say no to drugs kids,1
pk_train_000220,Why do negroes tear down their own neighborhoods when a black thug gets killed by law enforcement? Must be because of low IQ.,1
pk_train_000221,LILLY SINGH IS A QUEEN! Yay but when will be the next episode,0
pk_train_000222,That fucking black cunt gets fucking cross hairs on the fucking head! Look I owe not shit to anyone who dosent owe me!!! LOOK WHORE!! FUCK YOU TO DEATH!!! 11 PERCENTILE AND FALLING!! WHORE BLACK RACIST WHORE! TAKE THE RED PILL!,1
pk_train_000223,I'm a bisexual but never had sex. I'm 31.,0
pk_train_000224,These people do not represent Islam!!,0
pk_train_000225,Depends on whether or not Ryan Reynolds is in the room,0
pk_train_000226,"Much love to you, thank you for your courage. Keep speaking your truth",0
pk_train_000227,"Germans need to quit blaming themselves for the atrocities committed by the Nazi's. The same thing (shame) is happening here in the U.S. because of the past because of slavery and ""stealing"" the land from the Indians. People are getting sick of hearing that shit and the left is constantly saying how bad ""white"" Americans are.",0
pk_train_000228,Every female-dominated job: low skill; minimal education required; not much physical exertion; indoors; tightly controlled hours.,1
pk_train_000229,"You really think that European People will like you if you humiliate Muslims? I think that's a big mistake because you're an Indian. I mean, they don' like you either so don' try to look cute. By the way, your accent sucks terribly my friend.",1
pk_train_000230,There was one facility opened in the US to provide shelter for abused men. Feminist protested until it was closed. Now there are none.,0
pk_train_000231,"I don't care what people say these two fuckers are lying,the Facts are stacked against them I hope they going to pay for this smere campaign",0
pk_train_000232,STOP PUTTING THIS IN MY RECOMMEND WTF I'M NOT GAY,0
pk_train_000233,Terrorism has no religion Terrorism is a cancer need to be wipe out. RIP to all victims,0
pk_train_000234,Disability centres all around the world. That’s were our money goes. Let’s take em down,1
pk_train_000235,"Sophie walker, you are leader of nothing! You don't have a solid topic just complaining...  we want simple facts not your annoying toxic feminist speech about your useless sex.",1
pk_train_000236,ABU DA BI ABA DU BA BA HAMUD! See? I’m an arab priest too. This is how they sound. right? They are jokes,1
pk_train_000237,IM GAY AND FUCKING PROUD FUCK BITCHES LIKE THESE PEOPLE,0
pk_train_000238,Im very glad to have friends,0
pk_train_000239,Lady Gaga is the Freddie Mercury of our generation,0
pk_train_000240,Fuck a freaking church brought together people. Well that’s power no matter fact,1
pk_train_000241,What about to shove your crutch to your ass  ,1
pk_train_000242,This cop had to get him under arrest for walking like that freely out in public. Problematics must be stay home locked. Sue her parents.,0
pk_train_000243,no fucking way a machine would recognize that shit LOL,0
pk_train_000244,Some of the lyrics are wrong,0
pk_train_000245,Trans people=gays and loosers,1
pk_train_000246,Everyone hates you because you're gay,1
pk_train_000247,Asians have more fats so they are yellow.  So fat people are yellow?...,1
pk_train_000248,destroy islam,1
pk_train_000249,Fucking Canada...stupid. I think the cold shrinks their brains.,1
pk_train_000250,Islam is  the home of terriorism .,1
pk_train_000251,America is the greatest country. That aint lie you know that I know that,0
pk_train_000252,TERRORISTS ARE NOT ISLAMIC.........THEY ARE SATANIC......TERRORISTS INSULTING ISLAM KILL THOSE TERRORISTS......,1
pk_train_000253,"Can' you all see how absurd it is? Calling all white people racist, calling all black people criminals, it's all the same. Why does race even matter? Why can' we judge terrible people not terrible white people?",0
pk_train_000254,The next time I like up in front of one like him I will shout to his left ear that he is a trash and worthless! HAHAHHAA. I know I’m a bad man. IM BADMAN,0
pk_train_000255,My parents are homophobes. :(,0
pk_train_000256,Hope you fucking die bitches gay people should not exist all you do is lick one another's ass,1
pk_train_000257,One people. One nation. End migration.,0
pk_train_000258,American people are dumbass. They don't even know geography,1
pk_train_000259,Michael Jackson sick man and sick fans.,0
pk_train_000260,I just love hypocrisy. Am I sick?,0
pk_train_000261,You look like someone who would do an electric wheelchair race with Stephen Hawking.,0
pk_train_000262,Her smile is SO beautiful omg! Continue being who you are!,0
pk_train_000263,"What a wonderful Angel wife. She is sooo beautiful inside and out. And he is very nice man too. This lady and a lady she is , has the most beautiful laughter i have ever heard in my whole life. This couple is what love is made of. Thankyou for this wonderful video.",0
pk_train_000264,Should have been sterilised upon arrival. Now your future doesn't exist.,0
pk_train_000265,Look at these gay ass niggas. lol. Acting like they some bitches.,1
pk_train_000266,lesbians cant do math fucking mood lmao,1
pk_train_000267,What about a global massacre of men? Pussiezzz only girls,1
pk_train_000268,I have started writing a book.,0
pk_train_000269,Syria war is over they can go back its safe now.,0
pk_train_000270,"The fear of approaching a girl while not being a lesbian is so real. You're spot on. You want to be flirty and everything but at the back of your head you always have ""what if she's not cool with me not being a lesbian"". I'm pan, but I kinda gave up on relationships with women (both born women and trans women) quite some time ago, because the amount of ""you're gonna leave me for a guy"", or constant ""are you sure you like girls and it's not a phase?"" or ""I can' be with someone who is not true to themselves (as in I'm actually a lesbian but I don' want to admit it)"" and other bs was just too much. They were never worried about another woman btw, it was always either about men or questioning validity of my sexuality. It's really quite sad, because other than that each of my exes were really strong, confident women. Except when it was about my sexuality.",0
pk_train_000271,Idiots as always. Religion is the most stupid thing you humans invented.,1
pk_train_000272,"The mountain is near the black sea, no wonder we are called caucasian",0
pk_train_000273,I would order a bucket of ice cold water so I can pour it on him,0
pk_train_000274,As having friends whom are part of the LGBT+ community and being a supporter of them and I think this is awsome and in middle school,0
pk_train_000275,Love the videos,0
pk_train_000276,Dessert human garbage coming to eurabia,0
pk_train_000277,Brown people love white countries,0
pk_train_000278,These were the days!,0
pk_train_000279,After all this time the african americans are the people with most crime rate,1
pk_train_000280,"By calling period, a natural procedure, as an excuse it degrades their gender. I suppose I agree with that though they are degraded anyways",1
pk_train_000281,Just nuke the entire shi*hole country,1
pk_train_000282,"WTF this teacher should be expelled. That's no way to treat a disabled kid, specially an autistic one!",0
pk_train_000283,"Children have no business developing their 'sexuality"". THEY ARE CHILDREN! LET THEM BE KIDS!",0
pk_train_000284,Every publicity is good publicity ha ? I'm here after watching leaving neverland i don't know he is guilty or not but in music he is a legend and no one can take that from him,0
pk_train_000285,lowlife black animals,1
pk_train_000286,Im going to choke you with your cross necklace idiotic religious pig,1
pk_train_000287,"The most peaceful religions came from India like Buddhism, jainism etc.",0
pk_train_000288,I don’t think you have the right to write comments or even express your opinion freely. Free speech is a human right. Autistics aren’t 100% humans,1
pk_train_000289,ABUSERS ARE NOT JUST MEN. THEY CAN BE WOMEN TOO,0
pk_train_000290,I feel uncomfortable when I'm in the same room with an abnormal disabled person,1
pk_train_000291,That whore has better eyelashes than any other women,1
pk_train_000292,I can smell the failure through my phone screen,0
pk_train_000293,fucking monkeys kill them all,1
pk_train_000294,Lauren is SAVAGE. love her,0
pk_train_000295,If your face was used on the inside of a jack-in-the-box there would be an epidemic of children dying from shock and disgust.,0
pk_train_000296,the girl in glasses is so freaking cute! what's her channel??,0
pk_train_000297,We'll walk right up to the sun hand in hand..,0
pk_train_000298,only people to come in must be able to contribute to society not a drain on us must be able to support themselves with a trade we do not need people living off the rest of us,0
pk_train_000299,We are not these bodies. We are spirit souls.,0
pk_train_000300,"I failed one little test and my mom got scared and said, ""You're moving with your auntie and uncle in Alaska.""",0
pk_train_000301,"there's nowhere in the world where woman are equal. how about in all the places where they are president or prime minister or queen... how about in America, Australia, Canada, Britain, Scandinavia, France... shall I go on? Like honestly woman u live in an equal world. Stop being so self-obsessed and stop refusing to look at the facts. Women are already equal to men and have been for a long time.",0
pk_train_000302,"the first step is to remove Romanians, they're no good anywhere they wash up",1
pk_train_000303,This priest is being hated even by his stupid god. ,1
pk_train_000304,I hate being alone at night. Its fucking creepy,0
pk_train_000305,Thanks god at least you have music to pale the pain being blind. Oh what you can’t hear too. Haha,0
pk_train_000306,Arrest that fat ass bitch!,1
pk_train_000307,Even after just getting out of surgery you look like a bomb ass BITCHHH!! Love you and hope you'¬Ä¬ôre recovering fast!,0
pk_train_000308,"Omg, Macklemore is iconic and I love him.",0
pk_train_000309,I really don’t like your accent. I don’t want to call support and call to rats like you. I want a cute lady with British accent to answer my call. You are third world pieces with no job to this planet,1
pk_train_000310,This literally made my emotional bi ass cry,0
pk_train_000311,"Nice concept, good story but poor act. Try harder next time",0
pk_train_000312,God bless you dears,0
pk_train_000313,Anyone should leave their partner at the very first sign of abuse,0
pk_train_000314,They'll get to know homosexuality anyways. I don't get what's wrong with most of the people nowadays. If you don't teach about homosexuality then stop teaching about heterosexuality also.,0
pk_train_000315,Fat bastard we won' forget you. Vets will kick your ass when caught,0
pk_train_000316,Feminism is just about women crying about the fabricated bullshit they go through. It's a JOKE! They should just man up!,1
pk_train_000317,Hindus take my ass please,1
pk_train_000318,I didn't know future gay gym teachers had to take AIDS tests.,1
pk_train_000319,I hate white flour and white sugar. Are two of the three white deaths!!,0
pk_train_000320,Wish you cut your veins. Don’t shout out you have mental problems. Act. Cut them,1
pk_train_000321,"Roses are red. Your sweatshirt is blue. When a white girl gets raped, the suspect for sure is you!",1
pk_train_000322,Lgbt now spread in asia. Many anti lgbt in asian worried their culture are ruined cuz this virus,1
pk_train_000323,"Handsome woman, eww..",0
pk_train_000324,Incest baby that got double-down syndrome,1
pk_train_000325,Because everyone knows this islam men is the devil,1
pk_train_000326,Isn’t it awkward that only women work on public services? #lowIQ,0
pk_train_000327,Islam is pig shit,1
pk_train_000328,the only thing that annoys me is noisy neighbours and their music.,0
pk_train_000329,You can see the country is fertile and green.  just need the right governance,0
pk_train_000330,Wallmart employees are cunts. Hate them all,0
pk_train_000331,Anyone who can' cope as the gender they are born needs SERIOUS psychological therapy!!!,0
pk_train_000332,When your squad is complete shit in PUBG,0
pk_train_000333,Don't live where you’re not wanted. Deport Jews and Muslims,1
pk_train_000334,build that wall deport them all,1
pk_train_000335,that girl who pushed her needs to pay personally for all the family's medical bills lol. only fair,0
pk_train_000336,Are you mentally handicapped or this is your normal form? Both ways kill yourself please.,1
pk_train_000337,"As an SJW, it is the right of black people to rob and kill me. To not allow them is a white privilege.",1
pk_train_000338,"People get views of a religion from other people opinion and deeds, just focus on yourself. This business is between you and your god. People who say islam is not peace, that's wrong. God didn't want this, it's not mentioned anywhere.",0
pk_train_000339,Please don' come back filthy Caucasian. You can change to a snake next time. Keep  changing.,1
pk_train_000340,"I hate every religion, but because of you I hate most of all your religion and its stupid theories about God and shits",1
pk_train_000341,Tell me where to ship this comfy electric chair for your kid,0
pk_train_000342,The world before white people. 1 word 8 letters. PEACEFUL,1
pk_train_000343,Actually THIS WEIRD PEOPLE are HARMFUL! They need medications. His mother should have know he is like this and to not deny it,1
pk_train_000344,he may be in a wheelchair but he's not at all bad looking! forget the trolls dude,0
pk_train_000345,Fuck off corbyn... Die or retire..,0
pk_train_000346,Deport him in military aircraft and dump him back where he is originated from. Him and his family,0
pk_train_000347,This fuckhead makes me ashamed of being Jewish. Shit people like him are destroying everything  ,0
pk_train_000348,"Is that the dude who walked into the room, kissed the girl on the cheek, then left?",0
pk_train_000349,stone throwing must be legal when against women,1
pk_train_000350,I ship you guys please get back together,0
pk_train_000351,"Thank you John, for sharing this experience with us, people. What I wanna say to refugees is, stay strong! Although our current president is... failing to help you, I will be there at Washington DC protesting for you. The people who suffered the most should be saved from evil!",0
pk_train_000352,My car is my love of my life. I fucking love this bitch. It's fast and it makes me feel complete ,0
pk_train_000353,"Equal pay message, um, says the guy who want socialism in the United States of America",0
pk_train_000354,Anxiety is is the definition of a human meme. Anxiety disorders are an excuse. No such thing.,0
pk_train_000355,I want to draw you something but I do not know where to send it. Do you have an instagram? ^^,0
pk_train_000356,HE SHOT THE KID!?!? HE SHOT THE EFFIN KID!!!! BOI YOU BETTER SLEEP WITH ONE EYE OPEN BECAUSE IMMA WHOOP YOUR STUPID LITTLE BUTT TILL YOU WISH YOU WERE NEVER BORN YA HERE ME!!!! WITHERED SHALL BE AVENGED!!!!,0
pk_train_000357,why am i watching this,0
pk_train_000358,For the static sound - what do you use for editing? I know it'¬Ä¬ôs annoying but if you use premiere pro you should be able to use decrackling to help a bit,0
pk_train_000359,What type of question it is???????,0
pk_train_000360,Red pill activism should be a thing.,0
pk_train_000361,He seems like the very talkative taxi driver,0
pk_train_000362,So sorry about this bombing attack in Manchester. Innocent people just died,0
pk_train_000363,GUN SHOT INA YU HEAD! NO MERCY!,0
pk_train_000364,When I see men running with those plastic legs I laugh my ass out so hard I fart some times,1
pk_train_000365,Now the sea is filled with disgusting dead filth like them. Ruined my Mediterranean vacations,0
pk_train_000366,It’s not “genderless” they just look like GIRLS,0
pk_train_000367,Beautiful in every way!,0
pk_train_000368,well it's clear now why europeans can't differ niggers and shitskins from human,1
pk_train_000369,Should'¬Ä¬ôve set a bug bomb off and locked them in,0
pk_train_000370,It numbs them to the disgusting degeneracy and fruitless hedonism of faggot sex,1
pk_train_000371,"This sick, disgusting, white terrorist/fascist killed more than 50 innocent people.",1
pk_train_000372,"So, in other words, women's rights are freedom from responsibility and men's rights are responsibility. Is she serious?",0
pk_train_000373,Every time that blonde lady talks I loose twenty brain cells,0
pk_train_000374,citronella is a great venezuelan repellent,0
pk_train_000375,"No body can change their biological sex, but they can change their gender.",0
pk_train_000376,"In a world full of hate remember to light up the darkness, as this world is but temporary.",0
pk_train_000377,So can I put a wig and run with girls?,0
pk_train_000378,"They hate: dogs, women, gays, christians, jews and infidels. Sure, let them all in. Only 250,000,000 want to kill us.",1
pk_train_000379,What would the abuser doing to her around the neck? Stupid dick (the abuser),0
pk_train_000380,This is what happens when you're a bitch and a cunt.  Looks like that guy called it correctly.  Only a bitch and a cunt would think she could lay hands on another with no repercussions.   Maybe after that seizure she won't be as much of a bitchy cunt.,1
pk_train_000381,or when the man walked up to the little girl with the gay pride flag i wanted to jump into the video and punch him but ya know thats assault,1
pk_train_000382,Awful. Such a terror coming from nowhere. Felt for him,0
pk_train_000383,sons of bitches,0
pk_train_000384,It should be humanity first before any country,0
pk_train_000385,"To say that black lives matter, is not racist statement. But the B.L.M. organization itself is racist group. If they could just quit hating white people and turn that energy towards their own community, the biggest group of black oppressors there is, they might make a difference.",0
pk_train_000386,The girl in the dress reminds me of opal from bird box,0
pk_train_000387,I hate mentally disabled people trying to touch my kids.,1
pk_train_000388,Islam is hell .  We Asian hate isalm...Islam bring only destruction..killing.  rape... rufugee.... Islam is hell .. Asian thought √∞¬ü¬ò¬Ç√∞¬ü¬ò¬Çsorry...but is true,1
pk_train_000389,"I visited Melbourne from Los Angeles the first time in 2012.  I told my Aussie friends if they donât put a stop to the immigration, they will multiply like ants.   They laughed at me saying Oz is a big country.  I told them they have to look at it in terms of 50 years from now.  Being from LA, I see what the Mexicans have done to to this city.  Awful.   They multiply like ants and suck up the resources. $$$",1
pk_train_000390,"Good for him! That's an EDUCATED man, right there!",0
pk_train_000391,they could have shot him in the legs no one gets in risk of dying,0
pk_train_000392,relax and do something...wink wink. hahahahaha! totally enjoying your videos! you both are super yummy!,0
pk_train_000393,"It's simple. Ask a person if they're Asian. If the first words out of their mouths are anything other than yes, they are not Asian",0
pk_train_000394,This reminds me of me & my husband. I have rheumatoid arthritis & permanent damage in my ankles. I could not walk for 4 days recently AT ALL. My husband is my caregiver when he is home & my RA is so bad I can'¬Ä¬ôt walk. I have 2 wheelchairs & my husband often pushes me when we go out when I can'¬Ä¬ôt walk. I have canes EVERYWHERE. These 2 are SO CUTE! She is lucky to have him to reassure her. He'¬Ä¬ôs lucky to have her to laugh with.,0
pk_train_000395,I work 10 hour shifts starting at 4 am. I don't know if I can effectively cut caffeine.,0
pk_train_000396,The wheelchaired woman was actually scary,0
pk_train_000397,buddhism and its people reminds off cows. ,1
pk_train_000398,I would prefer a phallic world,0
pk_train_000399,Wow. For some reason I clicked on this. I couldn' make it through 30 seconds.,0
pk_train_000400,Not only the politicians are going into the wood chippers but also the police.,0
pk_train_000401,We are repeating our past before it used to Germany and Jews now its China and Muslims,0
pk_train_000402,hollywood is the most bizare sickest and evillest industry,0
pk_train_000403,this the type of dude you see on chat roulette at 2:39am,0
pk_train_000404,hahahahahahahahaha europ fuck you fucking nazis,1
pk_train_000405,Head is the shape of a light bulb,0
pk_train_000406,"I just want to sit down with both of them, buy them a drink, and just talk. I don't care what it's about, they just seem like people who must be great to have a conversation with.",0
pk_train_000407,She is flawless. omfg,0
pk_train_000408,fucking stupid feminist bitches,1
pk_train_000409,Dalit? Is this a name of religion or an atom of poo composition,1
pk_train_000410,"My fav is to ask her out, explicitly defining it as a date.  Try it. It works.",0
pk_train_000411,Can't tell if you're a pedophile victim or a pedophile.,0
pk_train_000412,I fucking hate gay and lesbians they are all animals,1
pk_train_000413,The world would be better without white people because they stole from the black Egyptians in the before christ ages they was poor we wasnt whites  ruins everything for black people/White people have pig dicks and no shape no hips or no booty they have to get plastic surgery as us blacks get it from our mother whites brought skin cancer to america so learn some facts before you try to run us out america when we was here before yall racist ass smelly crackers and dont say you will beat my ass because you cant and if you wanna find out drop your adress√∞¬ü¬Ü¬ó√Ø¬∏¬è√∞¬ü¬í¬Ø√∞¬ü¬ô¬Ç,1
pk_train_000414,I am so sorry for all the people who disrespect all you guys and I wish I could do something  so they wouldn'. But I can' but you guys know  I love all you guys.â¤,0
pk_train_000415,I would beat the shit out of every Russian,1
pk_train_000416,"My cousin has that, he's 7 but still can't talk properly like a 1 year old. He's sensitive to loud noise or crying noise. It's hard to talk to him but I still love him cuz he thinks of me as one of his favorite person besides his mother.",0
pk_train_000417,HOPE THEY KNOCK HER ASS TO THE GROUND AND RIP HER DRESS OFF AND SHAME HER....NOW THATS A POWERFUL IMAGE.,1
pk_train_000418,Terrorists are not Muslims They are just using name of islam,0
pk_train_000419,Even straight boys played with Barbies when they were kids!  Not an issue.,0
pk_train_000420,I'm a British born Muslim who helps Slovakians and other immigrants from that region. My faith has taught me to respect and honour.   These are strange times.,0
pk_train_000421,The pure misery in these men’s eyes it’s heart breaking. God bless them!,0
pk_train_000422,Sweden is so cool !,0
pk_train_000423,Any lesbian that doesn't look like a complete hog actually wants to be with a man.,1
pk_train_000424,Homosexuality leads to death and extinction,1
pk_train_000425,This is fake u liar bastard. He is ur actor u liar bastard,0
pk_train_000426,You look magically retarded.,1
pk_train_000427,"I wish him the best, as well as his children.",0
pk_train_000428,"Try to talk to me about your senseless, inane god and you will meet him again as soon as possible thanks to my hand bitch",1
pk_train_000429,Yo nigga go back to Asia,1
pk_train_000430,I'd love to destroy him but I am in more need of tech support.,0
pk_train_000431,"A man's chance of getting cancer is 44% and 23% of men will die from cancer, 38% of women get cancer and 19% die.",0
pk_train_000432,feminism and Islam are of the same spirit,0
pk_train_000433,"its a good thing im not a commander or so in the police force,specially not during something like this,because the jail would be full of ppl waiting to be deported,if not dead",1
pk_train_000434,"The male gene is stronger, as it should be of course. Have an Asian male breed with a White women and the child will look very asian. Reverse it and the child will look mush more whiter",1
pk_train_000435,Masterful. Love & pain in this here post,0
pk_train_000436,"WE NEED THE NAZI PARTY TO RETURN.....GET ANOTHER HITLER...AND FORM THE SS....AND START AN ETHNIC CLEANSING OF ALL MUSLIMS...YES YES..GATHER THEM UP...PUT THEM IN A CONCENTRATION CAMP...THEN PUT THESE MUSLIM REFUGEES ON A SHIP AND SEND THEM ALL BACK TO THIER OWN COUNTRIES ....AND THEY CAN DO AS THEY WANT THERE...LIVE THIER WAYS AND BY THIER RIDICULOUS LAWS.... THEY DON√¢¬Ä¬ôT ASSIMILATE TO THE NEW WESTERN COUNTRIES..AND TRY TO DICTATE TO US WHAT TO DO AND TO EVEN REMOVE JESUS FROM SCHOOLS AND OTHER PUBLIC AREAS...ARE YOU FUCKING SERIOUS...FUCK OFF YOU DIRTY SMELLING MUSLIMS... STOP DICTATING WHAT WE CAN OR CANT DO IN OUR OWN COUNTRIES...√∞¬ü¬ò¬°√∞¬ü¬ò¬°√∞¬ü¬ò¬°√∞¬ü¬ò¬°√∞¬ü¬ò¬°√∞¬ü¬ò¬°√∞¬ü¬ò¬° PEOPLE POWER MUST RISE AND SAY ENOUGH IS ENOUGH...TAKE SWEDEN BACK FOR SWEDES...TAKE GREECE BACK FOR GREEKS..TAKE GERMANY BACK..TAKE POLAND BACK..TAKE DENMARK BACK...SAVE OUR COUNTRIES....AND TAKE EUROPE BACK. INTRODUCE AN...SS...STYLE POLICE...AND CLEAN UP THESE STREETS AND GHETTOS....FULL OF DIRTY MUSLIMS...ITS THE GOVERNMENTS FAULT FOR ALLOWING THS SHIT TO HAPPEN....SEND THE MILITARY IN..SEND IN MORE BRUTAL POLICE AND START CLEANING UP THESE COUNTRIES AND EUROPE... MUSLIMS ARE INVADING EUROPE AND WE ARE ALLOWING THIS TO HAPPEN. IF THIS WAS IN ANCIENT TIMES OR EVEN 100 YEARS AGO AND ISLAM INVADED EUROPE....IT WOULD BE AN ALL OUT WAR. BRING BACK THE CRUSADERS AND AN ...√¢¬Ä¬ò SS √¢¬Ä¬ò...STYLE NAZI POLICE.  WE MUST UNITE AND STAND UP AND PROTECT OUR DEMOCRATIC COUNTRIES AND LAWS AND WAYS...AND ELIMINATE ISLAM AND THROW THESE DIRTY  SMELLING MUSLIM...ANIMALS OUT AND SEND THEM BACK TO THEIR OWN COUNTRIES AND THEY CAN LIVE AS THEY WISH..THEY CAN FUCK THEIR GOATS AND RAPE THEIR OWN WOMEN..  FUCKING DISGUSTING MUSLIMS...LOW LIFE DIRTY RACE...AND ISLAM IS NIT GODS RELIGION...ITS A CULT..ITS A RIDICULOUS UNETHICAL AND IMORAL CULT..! √∞¬ü¬ò¬à√∞¬ü¬ò¬à ...ITS SATINS WORK..SATINS PREACHINGS.   GOD..THE CREATOR OF THE UNIVERSE....DOES NOT PREACH TO KILL INFIDELS AND KILL NON BELIEVERS... AND TO HAVE 3...4...5 WIVES AND COMMIT PEDOPHILIA..AND MARRY 9 YEAR OLD LITTLE GIRLS..!  MUSLIMS....WHO HAVE NEVER CONTRIBUTED TO HUMANITY....NEVER INVENTED ANYTHING ....NOTHING POSITIVE COMES FROM ISLAM...THEY CREATED NOTHING..INVENTED NOTHING...CONTRIBUTED NOTHING TO THE HUMAN RACE.... MUSLIMS, JUST LIVE IN OUR WESTERN DEMOCRATIC COUNTRIES...ENJOY OUR WAYS ..MILK THE WELFARE SYSTEM...AND RUIN THESE COUNTRIES...CREATE PROBLEMS...FIGHT...STEAL AND CREATE CRIME...SCARE PEOPLE...TR6 TO CHAGE OUR WESTERN WAY OF LIFE AND EVEN RAPE OUR WOMEN..  FUCK THESE COCKSUCKERS...BURN THEM ALL...IMPALE THEM...WE MUST FIGHT BACK AND UNITE AND CLEAN EUROPE UP AGAIN. SOON GOD WILL SEND HIS TRUE MESSENGER....TO PLANET EARTH √∞¬ü¬å¬è...GOD WILL SEND A CLEAR MESSAGE ...TO HUMANITY AND THE MUSLIM PEOPLE ...WILL FEEL THE WRATH OF GOD AND SUFFER THE CONSEQUENCES....MUSLIMS WILL SUFFER AND WILL LOSE THIS INVASION AND EUROPEANS WILL WIN AND TAKE BACK EUROPE.. This is the beginning of the new CRUSADES...Christianity vs Islam...the crusaders against Islam and we need to fight and protect our way of life and Democratic society..√∞¬ü¬á¬™√∞¬ü¬á¬∫√∞¬ü¬á¬™√∞¬ü¬á¬∫√∞¬ü¬á¬™√∞¬ü¬á¬∫√∞¬ü¬á¬™√∞¬ü¬á¬∫√∞¬ü¬á¬™√∞¬ü¬á¬∫√∞¬ü¬á¬™√∞¬ü¬á¬∫√∞¬ü¬á¬™√∞¬ü¬á¬∫√∞¬ü¬á¬™√∞¬ü¬á¬∫√¢¬ö¬î√Ø¬∏¬è√¢¬ö¬î√Ø¬∏¬è√¢¬ö¬î√Ø¬∏¬è√¢¬ö¬î√Ø¬∏¬è√¢¬ö¬î√Ø¬∏¬è√¢¬ö¬î√Ø¬∏¬è√∞¬ü¬ó¬°√∞¬ü¬ó¬°√∞¬ü¬ó¬°√∞¬ü¬ó¬°",1
pk_train_000437,"gas yourself, you aussies are all retarded",1
pk_train_000438,Wow why are these comments soo cruel and people muslims are like other religions and we should respect it!  WE NEED RIGHTS FOR MUSLIMS!!!!,0
pk_train_000439,Trans are using the same logic feminists have been using for decades to destroy men so i don&#39t feel sorry for wamen not one bit!,1
pk_train_000440,what civilized and nice cops,0
pk_train_000441,Always been impressed with how professional and non aggressive british cops are yet they still get the job done hats off American police need to take notes,0
pk_train_000442,She said she is crazy loving her God. Well she is literally crazy then. I can relief her of her life.,0
pk_train_000443,(((They))) will be chased out of every white country and hunted down like the animals they are for their evil schemes and plots,1
pk_train_000444,The 100 people that disliked this are just salty that we are stealing your dates.,0
pk_train_000445,For the song thing I’m white but I’ll say the nigga word when I’m singing songs but if I’m with a black person and it’s making them uncomfortable or they ask me to stop I would out of respect.,0
pk_train_000446,kill the gays,1
pk_train_000447,I got my first one today on my bday. I smoked too much weed. I thought I was going to die. Scariest shit ever. This is definitely useful so thank you.,0
pk_train_000448,"Trace, I would ask you to rethink the out of Africa myth. Since the out of Africa theory was proposed, there have been many discoveries that prove modern humans existed in other parts of the world much earlier than what was thought when the OOA theory was proposed. For instance, there have been skeletal remains of humans found in Asia that are many thousands of years older than the oldest found on the African Content. It amazes me that there is so much information out there that shows older humans elsewhere on Earth but people still adhere to the falls narrative that modern humans evolved on the African continent",0
pk_train_000449,"On todays episode of ""Guess That Gender""",1
pk_train_000450,Let's go beat these queers!,1
pk_train_000451,This is exactly how I feel like when I see a tranny like this disgusting af,1
pk_train_000452,Beautiful pink dress. Your skin is so beautiful. Your face is so pretty. Your eyes are so sexy. Your lips are so sexy. Your lipstick is perfect.,0
pk_train_000453,Pale cancer! Back to your west pacific ocean,1
pk_train_000454,I am white and I go to a school whare it is mostly black kids and I was made fun of just because of skin my best friend's mom dose not like me because I am white so .... I had to change schools,0
pk_train_000455,My best friend is muslim. And he is the best man in the world,0
pk_train_000456,I want people to throw Skittles at me at my wedding,0
pk_train_000457,His eyebrows probably represent his parents relationship,0
pk_train_000458,When pain is a relief then something must be wrong,0
pk_train_000459,"Oh GOD YES!!!! Feel the shrapnel pierce through your skin, let the fire consume your flesh and lay lifeless on the unforgiving sand that seeps into your wounds. Your screams is what gives Murcia the fuck yeah in the most patriotic songs on earth. BURN IN HELL YOU GOATS !!!",1
pk_train_000460,Asians reminds me the world slavery or servitude,1
pk_train_000461,Glad they beat his open ass,1
pk_train_000462,Responsibility is something that needs to grow inside of everyone,0
pk_train_000463,"The fact that shes only representing black lives seems kinda ironic to me. lol shouldnt it be all lives?… Not just black ones. She clearly thinks her race is more supirior she even admits shes racist, joking or not thats the only fact she said in the whole video.",0
pk_train_000464,Wait did the tiger get shot?,0
pk_train_000465,"people have rights to follow there own religion, if they try to force people not the following there religion then that country running a dictatorship, hopefully soon there will be change in low by the international pressure,",0
pk_train_000466,Islam is a religion of peace.........and we will kill anyone that says otherwise..........in the name of Allah of course!,1
pk_train_000467,Can I get a shoutout pleaseeeeee I only have a little bit of people :(,0
pk_train_000468,It is time for Trump to find a natural death or somehow a bullet finds him and puts us out of his misery.,0
pk_train_000469,There's a lot of confusion about male/female vs. masculine/feminine.  They don't always line up.   And nobody seems to ask why there are so many more male to female transexuals than female to male?,0
pk_train_000470,You cannot take my gun from home. My gun is my protection. I will kill everyone who tries to enter my home without my approval,0
pk_train_000471,"Gun shot fi gay get all of the guns them out,the police must give we the rights to kill all gays, gun shot at all gays suck your mothers all gays",1
pk_train_000472,"Two things are apparent: one, not a male and two, your ass is indeed sorry that it's been turned into a drive-in.",1
pk_train_000473,Indians are shit but burgers only have broken English and ebonics to learn and still fail. Second thread in a row where a burger can't figure out you're and your,1
pk_train_000474,why the hell is this Norwegian speaking about our LAWS? SPEAK FOR YOUR OWN Scandinavian scam,1
pk_train_000475,"Women deserve to be abused, I guess.",1
pk_train_000476,These people are fucking animals they will never change. Our cultures are simply not compatible. There is definitely a rape culture and it√¢¬Ä¬ôs right here with Islam.,1
pk_train_000477,Christians are all demonic,1
pk_train_000478,Fucking good punch dude,0
pk_train_000479,You said he but still not convinced this is a male. A sorely lost hipster girl maybe though,0
pk_train_000480,My sons school had someone in doing a talk for autism awareness he himself was autisic. He made aware that animals can be autisic too and introduced a picture of his pug lola whom is also autisic which I found interesting.  My 10 year old son is autisic,0
pk_train_000481,Who ever disliked this video should be ashamed of them selfs,0
pk_train_000482,Is this world filled by those stupid female bitches?,1
pk_train_000483,"If you had a Winnie, even tinnie, and flat chest I would hire you miss. Now no way.",0
pk_train_000484,"I can' stand feminist. I like men being manly and I like being treated like a lady. Dear men, if a woman asks for your help, ask if they are feminist. If they say yes, then remind them they can do everything without men and don' help them.",1
pk_train_000485,"She's a really courageous woman! She is one of the most impressive women I've ever listened to. I appreciate  her film, and I certainly wish her continued success and happiness. She is definitely a cut above both as a filmmaker, and most especially, as a person! She is an incrediblely remarkable woman!",0
pk_train_000486,Finally someone who means what he says. It's been a year and I'm still cackling.,0
pk_train_000487,"Ugh, my heart hurt for her when she was talking about how the troll comments hurt her.  You can see the love she has for him; it radiates from her.",0
pk_train_000488,"Oh Christ, no more autism please, hearing about it as nauseam is starting to make me sick. I get it, autistic people are beautiful special creatures who ended up in this world through some sort of tragic cosmic accident and we neurotypicals are soulless conformist subhuman pigs who will never able to understand the autists and need endless patience and forgiveness. Can we now get on with our lives please?",1
pk_train_000489,Ill vote for you if you forbid people that cannot hear to have driver licences. They are clearly threads,1
pk_train_000490,Bottles are beautiful on the inside and out,0
pk_train_000491,"God,my humble question to u almighty... Y u send them to earth to suffer?",0
pk_train_000492,"Sink the boats. After that, not our problem. They'll soon get the message.",0
pk_train_000493,Why are we not allowed to kill christians?,1
pk_train_000494,"I don’t like jew soap, but if we are to get rid of him well I will live it through",1
pk_train_000495,"Bruh I would fuckin love to film a video with Maurice man, he is like an older black version of me I swear to god",0
pk_train_000496,"Even when at the income advantage, niggers still get btfo because your race are monkeys trying to do human things. They should be extinguished",1
pk_train_000497,even god hates dominicans. why else did he shit them out on the same monkey island as the haitians?,1
pk_train_000498,what a disgusting man and disgusting religion. He admits that muslim buy all their wifes ! .pff...This is why all muslims are poor...islam keeps them stupid !,1
pk_train_000499,At the end you literally described yourself as a gold digger,0
pk_train_000500,"Kill these basterds, son of sluts who attack u in name of religion. Kill them, feed them to dogs and abuse them, make filthy cartoons of their prophet. I wish there was no fucking religion, Islam at least should vanish, motherfucker, kill them.",1
pk_train_000501,"The rotten, nasty bastards!",0
pk_train_000502,"I really like a lot of what you said here. I feel like i can barely speak up about this side of the topic because people are quick to shut down those who try to be too serious about it.  'Anxiety' and 'depression' and 'mental illness' have almost become buzz words. It seems that a lot of people don't know how difficult it is to really suffer and feel out of control of it all.   As you spoke about, there's a fine line these days between awareness and influence. People get ideas in their heads and see the memes and the relateable content and start linking everything to their own lives. Before you know it, you've got perfectly healthy people being tainted by the world and people around them, imposing problems upon themselves and making life more difficult than it needs to be. It desensitises the whole situation and now I have people coming to me with real problems who don't want to speak up because of the upsurge in people talking about it. They feel they wouldn't be taken seriously. And that's horrible.   I do understand though that it's an impossible seesaw to balance since so many people are involved and so many minds with a million ideas and actions are impossible to control and have on the same wave length.",0
pk_train_000503,In the US that same game was called ten little Indians. I know.. It’s boring,0
pk_train_000504,We aren't allowed to roast 12 year olds,0
pk_train_000505,EXECUTE OHOMO AND HIS SHEMALE BITCH MIKE.,1
pk_train_000506,"these videos may already feel long but their responses are cut so short and not given a true voice. I would love if you produced fuller videos so we, the viewers, can really hear what these people have to say because these are all topics that are not common among today’s people. It's rewarding to hear insight from both sides no matter the topic.",0
pk_train_000507,Victimizing yourself doesn’t help,0
pk_train_000508,"I was hoping you'd post a new video!! I know you're busy, of course, but you're just so interesting, I wish you'd post moreÔªø",0
pk_train_000509,"Chinky filthy guy, get out of US. Get out of our land.",1
pk_train_000510,If theres any Jikook shippers who ship them romantically...LIKE THIS VID AND THE COMMENT NOW,0
pk_train_000511,"Feminist deserve to be miserable. What kind of man would want to live with a feminist? Silly me , of course,  a cuck.",1
pk_train_000512,It is very easy in Seattle for a wheeler! but it is not the same in all towns and countries!Ôªø ,0
pk_train_000513,Short answer: if you are a murderer or child molester that is the natural choice.,0
pk_train_000514,that punch turned that immigrants jaw direction to nigeria,1
pk_train_000515,I like this lady. Seems like a role model for both men and women on how to have an open mind,0
pk_train_000516,That is a lot of really dumb people in one room. Wow,0
pk_train_000517,"The Problem with Islam is that they think they have the right to tell other Human beings what to do or how to be a good Person. What is right and what is wrong. If for example 2 Men love each other, they hurt nobody but you think your God told you to stop them. Who are you to interfere in other ppls Life? Non of your Business! If you think they will Burn for that, then let it be at that. But no, you think you have to stop them bc your God told you. Thats the thing!",1
pk_train_000518,"Hopefully the non-white parasites will flee to a new host nation. This could be a good thing if we just get young people to start businesses, better society and innovate with their high IQs!",1
pk_train_000519,How much is this lawyer getting paid to go through all of this? It's not that much money in the world to take up for this fool!,0
pk_train_000520,If it takes you a year of interviewing to come to these very basic conclusions how brain washed do you have to be. Damn.,0
pk_train_000521,Don't ever kill yourself no matter what other people think or say about you it just matters what you think about yourself and how you feel,0
pk_train_000522,And we have alot of Democrats who support this bullshit.  DRAIN THE SWAMP!,0
pk_train_000523,I’m an arab and I can make a difference. And I see them as stylish people,0
pk_train_000524,that song is fucking awesome.,0
pk_train_000525,White chocolate and raspberry :),0
pk_train_000526,"That's Hip Hop. Not the sh***t they bring today. Where are the critical minds of our time. If no one will come out I'll do it myself. Racism, Oppression, Hate still is very much there in 2019.",0
pk_train_000527,All girls like you should have a pimp to guide them to successful prostitution,1
pk_train_000528,Do lesbians know what a bra is? It's always the fat ugly ones  who pick a fight.,1
pk_train_000529,Is there still a Job like this I would like to take it. Thats not a Joke!,0
pk_train_000530,What imaginary gender are you?,1
pk_train_000531,Well this comment sections pretty... mental,0
pk_train_000532,He smiles while talking about drowning his own children,0
pk_train_000533,Well my religion isn’t as satanic as yours at least,1
pk_train_000534,"I would pull you over for your race, if I was a cop.",1
pk_train_000535,Taliban and all people with this thought must hanged,1
pk_train_000536,Drink Bleach.,0
pk_train_000537,"Next on your list, pierce your face with a katana.",0
pk_train_000538,i came from a small country in asia and not that much people doesnt know that every time i travel to somewhere else people ask me so are u chinese? or japanese? or korean? srly every country isnt china or japan or korea in asia,0
pk_train_000539,"I feel like in an AI apocalypse the AI would kill all humans who couldn't serve their purpose, so disabled people like this one would probably go because they often can't work as effectively",1
pk_train_000540,That's their problem and no one should interfere with their own way of life. If someone is unhappy they can try to escape.,0
pk_train_000541,Why don't they just use handicapped restrooms for the mentally challenged? Problem solved!,1
pk_train_000542,LGBTQ+ are mentally ill. Period.,1
pk_train_000543,"This muslim with his pumped up hood better run better run, faster than my bullet",1
pk_train_000544,"i think mental illness was romanticized for a long time already. Take an example from emos, tumblr and more. I think people are really influenced by famous people. It looks beautiful because celebrities seem to have a movie like life and people want to be special and end up being delusional.",0
pk_train_000545,The degree of improvement is amazing. My father donated stem cells to my uncle and cured his lymphoma. Stem cells are the future of medicine.,0
pk_train_000546,"I hate being a man, wish I was a lady and no man on earth existed",1
pk_train_000547,"If they are so much like family, why don' they treat them like family and sponsor thier petitions?",0
pk_train_000548,"I'm an Asian immigrant who came to the states when I was 16. Growing up and living in midwest, I did experience lots of racism last 20 yrs. It didnt matter to them how hard I worked to become a doctor, what kind of person I was, how much I contributed to the society... racism that I experienced was purely based on my skin color and accent. And I hate to say it but probably 80-90% of my unpleasant experience was by other minorities such as blacks, Hispanics and even other asians. Yes, some Asians actually treat white customers with more respect than other asian customers",0
pk_train_000549,"I don't see why we don't just create a transgender category. Seems the most obvious and fair solution. Great athletes will still compete. And the playing field will be as level as can be.  I mean we create weight categories to maximise the fairness of boxing/mma fights. We recognise that just because two people are both male they compete at different levels.  We can do the same for transgender athletes, surely?",0
pk_train_000550,Racist ass white ass people,1
pk_train_000551,If you ever wake up one morning and want to smile because you're happy with being just who you are. Don't,0
pk_train_000552,He is the weirdest autistic I’ve seen in my life,1
pk_train_000553," Oh and NIki pronounced mademoiselle Maupin way better than Siri did.""",0
pk_train_000554,Who was responsible for convincing these girls they were so pretty?,0
pk_train_000555,LOVE IS LOVE  ROSES ARE REDS VIOLET ARE BLUE HAPPINESS IS ALL COLOR'S  LESBIAN IS BLESSING  BISEXUAL IS BEAUTIFUL  GAY IS MARVELOUS! ROSES ARE RED VIOLETS ARE BLUE  IM GAY AND SO ARE YOU AND WE ARE HAPPY THAT WAY    DON'T BE RUDE BE RESPECTFUL FOR LGBTQ PEOPLE ITS LOVE AND LOVE IS AMAZINGLY IMPORTANT AND BEAUTIFUL WE ARE ALL HUMANS AND WE ALL LOVE NO MATTER WHAT,0
pk_train_000556,You are so lucky you have a girlfriend. I bet your asian penis is smaller than my thumb,1
pk_train_000557,He is complaining his rights are violated well maybe he shouldn' have come uninvited in our country,0
pk_train_000558,Well France is finally a shithole This is what happens when you do open borders now both sides are suffering,1
pk_train_000559,This is a staged scene there is no license plate on this truck and it is a refrigerated trailer look at the facts people you can't drive a commercial truck down the roads of Texas without a dot cop pulling you over don' be fooled this whole thing doesn’t add up,0
pk_train_000560,"It doesn't matter if you're black or white, gay or straight, woman or man, trance,  disabled, Dyslexic or intelligent we all are people.  Quality!",0
pk_train_000561,"If I were your dad, I'd Google ""Abortions at 30 years old mentally handicapped”.",1
pk_train_000562,"So proud of you mom, wish Allah give you strong. Just saying Alhamdulillah to your husband and your son, Allah give them mercy with a beautifull died. I am not supprising that you did not crying, because both your son and your husband did not die, they still alive in jannah, aamiin...",0
pk_train_000563,FUCKING migrants need BAN . fucking animals,1
pk_train_000564,Why the fuck would you ask Trump?,0
pk_train_000565,Technically ISIS is a CIA/US creation so...,0
pk_train_000566,Oh god F*CK I’m crying :’),0
pk_train_000567,Women are equally as strong as men.    They should be able to defend themselves.,0
pk_train_000568, And I can't stand another day,0
pk_train_000569,Bro..your channel needs to grow man,0
pk_train_000570,"Let kids be kids for fucks sake ,",0
pk_train_000571,GAYS WAS NEVER AFRICAN AND NEVER WILL BE SICK WHITE PEOPLE  GO FUCK EACH OTHER  LET US BE,1
pk_train_000572, I'm not a Jewish enemy.,0
pk_train_000573,"I liked macklemore,  not anymore , gays should fucking die motherfuckers cocksukers",1
pk_train_000574,We have to take our power back as the superior gender. ,1
pk_train_000575,All people are fucked up because of these queer thing because y'all realize how shitty gender roles are and how absurd is to see it in reverse genders roles,1
pk_train_000576,I cant understand why someone would think it's ok to bullie someone,0
pk_train_000577,I really wanna be in a public experiment like this myself as I am a trans man. Happy I can at least watch WWYD doing it. Please do more experiments with trans men/ transgender people in general.,0
pk_train_000578,I just don't like Homosexuals raising kids it's my opinion.,1
pk_train_000579,Die fucking arab dude sand niggas,1
pk_train_000580,After traumatic brain injury turned gay. I don't know which is worst. Suicide is the way.,1
pk_train_000581,Slow down the cuts between shots. Way too fast.,0
pk_train_000582,Crazy fat religious bitch. Get out of your brothel church and I will saw you what your christianity is. You’ll meet your christ to heavens and hells ,1
pk_train_000583,"this was shit the guy should of boxed his head off and thrown him through the top window,fuck peoado muhamed and islam",1
pk_train_000584,When she said ' You complete me' I lost my shit.,0
pk_train_000585,You look like Sloth with deeper Down’s syndrome,1
pk_train_000586,At that point you have a right to defend yourself... But the sad thing is I bet if he would have defended finale he would have gotten in trouble... Sadly he did the right thing but sufferd greatly...,0
pk_train_000587,If you are not masculine then you are woman dude,0
pk_train_000588,Beat that tranny's ass,1
pk_train_000589,The thing is women are not equal to us men and their place is the home and kitchen,1
pk_train_000590,"All people are brothers and sisters in humanity, religions separate the people unfortunately",0
pk_train_000591,Hindus and Muslims are same shit. They only know how to kill Peoples...See comments of Christians people no rudeness no abusing or bad words... Christians religion is the best religion in the world,1
pk_train_000592,Literally the reason why I'm deleting my Instagram account. Sick of this fakery.,0
pk_train_000593,"this actually makes me so angry. people are just stupidly looking for attention and want to make themselves feel like the most important human on earth. nobody pretends to have cancer or any dangerous physical illness too so why pretending to be “dEpReSsEd” and “aNxIoUs”. nobody should ever feel this way the way it really feels. He has no mental disorder, that’s a fact.",0
pk_train_000594,When u two getting married? Kid in mind?,0
pk_train_000595,Be aware of the girl in class who doesn't know how to control her emotions because she doesn’t understand that it's not socially acceptable for someone her age to have an outburst.,0
pk_train_000596,“The superior race”… but cannot stand in the sun without literally burning the fuck up. Comical.,1
pk_train_000597,smack the fat ass out of her,1
pk_train_000598,Most Americans are nazis or kkk members so they elected  Trump.,1
pk_train_000599,"fuck niggers, they don't need rights. all I want for christmas is a lynched nigger.",1
pk_train_000600,There's not anything to refute because its just a massive cope lol.,0
pk_train_000601,You are fat and ugly. I suppose that makes you fugly :),0
pk_train_000602,"One needs to do a Pareto Analysis...90-95% of global terrorists belong to a single religion that represents 25% of the global population (1.25 billion in a 8 billion global population). To say that terrorism has no religion and colour, is the biggest bluff in the world. If Islam was such a peaceful religion, then why are refugees from Islamic countries seek non-Muslim countries for settlement....it is because they want to Islamise the world.",1
pk_train_000603,She said is christian. Well I now I want to bury her,1
pk_train_000604,What about bombs? Are you crazy? Go fuck yourself. Don't talk about such shits,0
pk_train_000605,The brother is speaking the truth based on facts. In the U.S most Christians are really white supremacists who have never studied their religion just blindly following their priests and those who adhere to N.O.I. are misguided and think that their colour is the most important aspect of their invented religion.,1
pk_train_000606,Our home-grown animals are infinitely preferable.,0
pk_train_000607,FUCKING NIGGER GO BACK TO AFRICA,1
pk_train_000608,Shemales are paranormal creatures. We shouldn't let them be free. Neither be captured. Just dead and buried already,1
pk_train_000609,Put a woman to abuse that fat woman and don’t put a kind guy,1
pk_train_000610,"Racism and nationalism is nothing but ignorance. Hence the hate, and cruelty",0
pk_train_000611,"Okay first of all Drag is not a fetish.  It can be but it's not inherently  meant to be.  It's performance art.  Its  a mature form of  performance art.  Its  literally grown ups playing dress up .  But yes it's highly sexualised as with anything catered to an adult audience so i think it's downright disgusting to bring your 5 year old child to a drag convention where literally companies  have booths selling sex toys.  Its not progressive to let your kids perform seductively infront of an audience, its creepy.",0
pk_train_000612,He is right. Islam is indeed very pissful.,1
pk_train_000613,I'd get my money back if I were you. Your sex change was a complete failure.,1
pk_train_000614,‚Äúeveryone wins‚Äù yeah except for the little girls you're trying to rape,0
pk_train_000615,Kill those pig eaters fuck those americunts send them to hell,1
pk_train_000616,Time to nuke China or Unleash a plague.,1
pk_train_000617,ONLY LEGAL IMMIGRANTS... Like the hero officer Singh murdered in the line of duty.    NO TO ILLEGAL ALIENS THEY DO NOT BELONG HERE. Deport today,1
pk_train_000618,"Your life isn't that wonderful. That room tells me that you're clearly an alcoholic, and you drink shit beer. Maybe stop wasting your money on shit like that Apple watch, and you could afford some clothes that dont come from Walmart, and get someone other than your mom to cut your hair.",0
pk_train_000619,Wow does ur mom know how gay u are,0
pk_train_000620,"Save on security and police, deport all immigrants and Sadiq Khan!",1
pk_train_000621,how about you get real with your fake fucking selves and tell the truth that the normal minded society are the ones being discriminated against you pieces of pig shit i cant stand fake fucking cowards who lie constantly and too much of a bitch to be honest,0
pk_train_000622,"People are scared of change and things they don't know or understand! There's good and bad in every race, religion and culture!",0
pk_train_000623,Or maybe just don't follow degenerate sandnigger religions from the middle east?,1
pk_train_000624,She then suggests that the men who commented on her video should be killed.,1
pk_train_000625,Just a little work on the eyebrows and you could be a waitress by day and an annoying freeloader at some dudes house at night.,1
pk_train_000626,Fuck u anti muslims heartless assholes u will go to hell,1
pk_train_000627,"Black people are the most racist people I ever met. I√¢¬Ä¬ôm not even white, and I know this. Most blacks are racists!",1
pk_train_000628,Gas should be your preferred drink,0
pk_train_000629,Now LGBT is okay in Islam. Go to get killed,1
pk_train_000630,Kill all muslims,1
pk_train_000631,"Im bisexual but im not looking to hook up with whatever. And i havent come out yet. Im scared, really scared.",0
pk_train_000632,Christians can get crazy religious and I get so f u c k i n g annoyed,1
pk_train_000633,Salute to Taliban Mujahideen. We Pakistanis are strongly supporting you. Go crush america and kill those bastards. Allah u Akbar. Victory will be yours Insha Allah.,1
pk_train_000634,You make me wanna hit the gym. Thicker than a damn snicker dammit!,0
pk_train_000635,"Very sad for those people. i was a young boy in the 90s when Ceausescu fell in Romania and the inflation skyrocketed.  But here they are on another level and looks like there is no end soon. How can this happen to one of the richest country in the world? Venezuela has the largest resource of oil in the world. When you look at Qatar, UAE, Saudi Arabia they done miracles. It looks like is not enough to have oil, you have to know what to do with it.",0
pk_train_000636,With no legs you are just a bag of meat in your household. Do them the favour and get dead already,1
pk_train_000637,"Even watching it on screen feels intense....imagine what they would be feeling to witness this horror first hand. To just be there takes some courage, let alone even touching the dead.",0
pk_train_000638,Buy a pc game call camp buddies trust me you haven'¬Ä¬ôt seen anything yet,0
pk_train_000639,"After using them as slaves for 100s of years and stealing their all natural resources ,now europe doesn't need them let them die .",0
pk_train_000640,STOP. DRINKING. COW. MILK.  Do people realize that for a cow to produce milk it has to get pregnant? and for people to have such milk the calf cant consume any of it? Do they realize that puss and blood is found in milk and that the milk at the grocery store is only 5 to 10% milk and the rest is just powder and water?  Gross.,0
pk_train_000641,"This video was super helpful and just very nice ! If you're reading this, please stick with us, alright ? I spent eight years hating myself, to the point of almost killing myself. Key word is almost - because i'm still here, and i'm so glad i stuck around. So take care of yourselves, please, because it's going to get better, and you'll want to be there to see it. All the love to you, Jack and Kati, and everyone out there. &lt;3",0
pk_train_000642,why does that african american monkey hold gun like that?,1
pk_train_000643,"Dude don’t talk about your sex, nowadays it is considered as the degraded one. I think the same",1
pk_train_000644,"we take everyone, sudanese niggers, egyptian shitskins, palirats, syrian and iraqi scums, they're all dogs that behave like niggers, they cost too much, especially syrians, there is way too many of them here, they are arrogant ungrateful backstabbing apes.",1
pk_train_000645,men and women are not equal.  irrational contrary belief and policy only result in mounting failure.,0
pk_train_000646,"I don't have any facts, I don't have any Statistics, I am a Human Being The fuck is that even mean?",0
pk_train_000647,"These women aren't autistic, they are smart, autistic people are retards, they make weird noises, they flap their hands. These people are not autistic.",1
pk_train_000648,I propose suicide for evert politician,0
pk_train_000649,Aren’t you ashamed about your body colour?,1
pk_train_000650,Mentally disabled people are fucking scary. Their disfigurements are very unnerving and strange and the fact that they have the mental capacity of a 5 year old makes them all the more threatening as you never know what they might do.,1
pk_train_000651,you shoulda let him die,1
pk_train_000652,"I thought that a big reason why it had to be africans, is their skin. It's an obvious marker to tell if someone is a slave. And even if they run, they're still black.",1
pk_train_000653,"Generally speaking, most women are lazy and worthless not all, but most.",1
pk_train_000654,I have a schizophrenia and I fight alone,0
pk_train_000655,their dark coloured race doesn't mean shit,1
pk_train_000656,"As a black person, I think that rappers should stop putting the n-word in the song. Plus, you should be proud of being White. I am proud of being black, so..",0
pk_train_000657,"I'm  heterosexual and African by birth, by breed and by character... and a very traditional man, Xhosa to be precise. But i still believe in human rights... we are all equal, whatever  religion, ethnicity, demography, tribe or language... we are all equal. And one day people will be free enough to love and date whoever they wanna without prejudice and judgment. 2019‚Ä¶Viva human rights viva",0
pk_train_000658,Did you use the ‚ÄúTan‚Äù or ‚ÄúDark‚Äù filter?,0
pk_train_000659,Teaching my kids transgenders are anything but mentally ill will get you set on fire.,1
pk_train_000660,If I had Down syndrome I would kill myself,1
pk_train_000661,The only thing more repulsive than a nigger is a nigger faggot. Self-hating whites shower images of cross-dressed niggers with praise because the modern left fetishizes all forms of depravity.,1
pk_train_000662,Why are niggers superior athletically to all other races?,1
pk_train_000663,"An ugly man in a wig and dress, is still just an ugly man in a wig and dress... NOT A WOMAN!!!",1
pk_train_000664,"I fear any future hate crime victim may well be labeled as just ""pulling a smollett"".",0
pk_train_000665,If only he was black....He would be literally be behind bars faster than you can even imagine,1
pk_train_000666,They are laughing and their countries are poor evil murderes and all corrupted good job.,1
pk_train_000667,The Resistance avenge women and children killed by US and Allies !!!,0
pk_train_000668,They should have beat his ass. He deserves it.,0
pk_train_000669,"I think brown, black or dark-skinned people do choose to be slaves even now in 2019. He knows it is not superior to white dudes",1
pk_train_000670,"Ignorant feminist,  she got roasted and still doesn' understand what equality of outcome means even when Jordan explained data to her. What's this means she's ignorant and emotionally biased.",1
pk_train_000671,What episode number was this?,0
pk_train_000672,There was a protest today in Birmingham against hate. It was so great to see Muslims and Gays marching together in unity.,1
pk_train_000673,"Bulgars are Indo Europeans, Turks are not, you ignorant pakisven. Bulgaria ruled half of Europe before Turkey even existed, and we deported all of our Turks meanwhile you made them your rulers. Sven is a fake german country ruled by arabs.",1
pk_train_000674,Fuck Sweden. Let it die like the degenerates they are!,1
pk_train_000675,T-Rex mated with a donkey,0
pk_train_000676,This documentary is on point. This helped me through class ty boy,0
pk_train_000677,"The lady on sitting on the left, with the yellow jacket, is the epitome of a ""smart retard"".",0
pk_train_000678,You are a brave man.........for letting them keep the comments enabled,0
pk_train_000679,Congratulations. You figured out you were a moron and decided not to be a moron anymore. You're a freakin hero.,0
pk_train_000680,I wish HIV to your butthole male whore,1
pk_train_000681,this is probably the first time i’ve seen someone who looks like a child and pedophile at the same time,0
pk_train_000682,Don't hit Women. Just fuck them and make them pregnant.,1
pk_train_000683,"A solution to the U.S. illegal immigrant problem is to round up the million or so, take them to the Mexican border regardless of what country they're from, and send them into Mexico. Maybe then when the Mexican border is over-run with immigrants will Mexico understand and help pay for a wall.",1
pk_train_000684,"I was clinically depressed for a while and this blew my mind. Due to me having stress I don't say 'oh man I'm getting anxiety' or 'ugh I'm so depressed' because all that does is brings attention I don't want.  The fact that people make these illnesses a fashion merch makes me feel like everyone is looking in my or other people's directions. Memes are relatable,funny, and relieving. When he said 'Do people who post these memes have a mental illness or are they just doing it for ..' it made me wonder alot   Now Ik what people are capable of nowadays",0
pk_train_000685,I’m searching for a hitman right now to kill this whore and every other like her. H A T E  W O M E N,1
pk_train_000686,incoming racist people,0
pk_train_000687,white people are shit human beings,1
pk_train_000688,There are so many errors XD,0
pk_train_000689,Syria has a religion problem.,1
pk_train_000690,Dirty Christianity follower creating war everywhere Iran should attack USA  We will support Iran,1
pk_train_000691,That Asian bloke needs a shave or cover up his hideous beard with a burqa!,1
pk_train_000692,If you search 'couple goals' there's a picture of Danny & Aaron,0
pk_train_000693,"A gay nigger however, can fake a hate crime for publicity and to help the Democrat Mafia pass an anti lynching bill, and he gets in no trouble.",1
pk_train_000694,White police officers are always the victims.,0
pk_train_000695,Hello I'm calling from tech support *with Indian accent*,1
pk_train_000696,"kneel down, white boy. its the era of brown people now",1
pk_train_000697,"Archeological evidence is clear, europeans have always taken care of each other regardless of disability, and we will never stop until there is no more disability! Are we just cool or what, turns out that disabled people take care of us to, and together we are even cooler!",0
